{"loss": 0.3313816785812378, "accuracy": 0.8809999823570251, "text_metric": "hen"}