{"loss": 0.3177090883255005, "accuracy": 0.8815000057220459, "text_metric": "egg"}