{"loss": 0.33847910165786743, "accuracy": 0.8766000270843506, "text_metric": "egg"}