{"loss": 0.33609312772750854, "accuracy": 0.8774999976158142, "text_metric": "fan"}