epoch,loss,accuracy
1,0.5315664410591125,0.8134666681289673
2,0.3762306869029999,0.8620833158493042
