epoch,loss,accuracy
1,0.6426302194595337,0.7795000076293945
2,0.41940945386886597,0.854116678237915
