epoch,loss,accuracy
1,0.6000391840934753,0.7899166941642761
2,0.39010605216026306,0.86285001039505
