epoch,loss,accuracy
1,0.6284776926040649,0.7839333415031433
2,0.4091496765613556,0.859000027179718
