step	accuracy
0	0.7839333415031433
1	0.859000027179718
