step	accuracy
0	0.8134666681289673
1	0.8620833158493042
