step	accuracy
0	0.7899166941642761
1	0.86285001039505
