step	accuracy
0	0.7795000076293945
1	0.854116678237915
